datetime;user;total_rows;distinct_infographics
2018-11-13 11:42:57;JinlinHolic;21;13
2018-11-13 11:43:03;MariaMarg;13;8
2018-11-13 11:43:10;marielledemuth;30;29
2018-11-13 11:43:15;Pattoho;9;7
2018-11-13 11:43:20;ManualUser;37;11
2018-11-13 11:55:31;JinlinHolic;21;13
2018-11-13 11:55:36;MariaMarg;13;8
2018-11-13 11:55:41;marielledemuth;30;29
2018-11-13 11:55:46;Pattoho;9;7
2018-11-13 11:55:51;ManualUser;37;11
2018-11-14 03:07:31;JinlinHolic;21;13
2018-11-14 03:07:36;MariaMarg;13;8
2018-11-14 03:07:41;marielledemuth;36;35
2018-11-14 03:07:46;Pattoho;9;7
2018-11-14 03:07:51;ManualUser;37;11
2018-11-14 06:07:33;JinlinHolic;21;13
2018-11-14 06:07:37;MariaMarg;13;8
2018-11-14 06:07:42;marielledemuth;36;35
2018-11-14 06:07:47;Pattoho;9;7
2018-11-14 06:07:52;ManualUser;37;11
2018-11-15 03:09:27;JinlinHolic;43;19
2018-11-15 03:09:32;MariaMarg;18;13
2018-11-15 03:09:38;marielledemuth;41;40
2018-11-15 03:09:43;Pattoho;20;11
2018-11-15 03:09:48;ManualUser;37;11
2018-11-15 06:09:21;JinlinHolic;43;19
2018-11-15 06:09:26;MariaMarg;18;13
2018-11-15 06:09:32;marielledemuth;41;40
2018-11-15 06:09:36;Pattoho;20;11
2018-11-15 06:09:41;ManualUser;37;11
2018-11-16 03:12:06;JinlinHolic;52;22
2018-11-16 03:12:11;MariaMarg;24;18
2018-11-16 03:12:17;marielledemuth;48;45
2018-11-16 03:12:22;Pattoho;43;21
2018-11-16 03:12:27;ManualUser;37;11
2018-11-16 06:11:53;JinlinHolic;52;22
2018-11-16 06:11:57;MariaMarg;24;18
2018-11-16 06:12:04;marielledemuth;48;45
2018-11-16 06:12:09;Pattoho;43;21
2018-11-16 06:12:14;ManualUser;37;11
2018-11-17 03:15:37;JinlinHolic;87;32
2018-11-17 03:15:43;MariaMarg;34;21
2018-11-17 03:15:49;marielledemuth;54;45
2018-11-17 03:15:54;Pattoho;66;29
2018-11-17 03:15:59;ManualUser;37;11
2018-11-17 06:15:43;JinlinHolic;87;32
2018-11-17 06:15:48;MariaMarg;34;21
2018-11-17 06:15:54;marielledemuth;54;45
2018-11-17 06:15:59;Pattoho;66;29
2018-11-17 06:16:05;ManualUser;37;11
2018-11-18 03:23:49;JinlinHolic;105;38
2018-11-18 03:23:54;MariaMarg;40;26
2018-11-18 03:24:00;marielledemuth;60;45
2018-11-18 03:24:07;Pattoho;120;29
2018-11-18 03:24:12;ManualUser;37;11
2018-11-18 06:24:00;JinlinHolic;104;38
2018-11-18 06:24:07;MariaMarg;40;26
2018-11-18 06:24:13;marielledemuth;60;45
2018-11-18 06:24:19;Pattoho;120;29
2018-11-18 06:24:24;ManualUser;37;11
2018-11-19 03:35:13;JinlinHolic;139;43
2018-11-19 03:35:19;MariaMarg;82;36
2018-11-19 03:35:26;marielledemuth;83;57
2018-11-19 03:35:34;Pattoho;178;35
2018-11-19 03:35:39;ManualUser;37;11
2018-11-19 06:34:30;JinlinHolic;139;43
2018-11-19 06:34:36;MariaMarg;82;36
2018-11-19 06:34:42;marielledemuth;83;57
2018-11-19 06:34:50;Pattoho;178;35
2018-11-19 06:34:55;ManualUser;37;11
2018-11-20 03:34:59;JinlinHolic;139;43
2018-11-20 03:35:06;MariaMarg;82;36
2018-11-20 03:35:13;marielledemuth;90;64
2018-11-20 03:35:20;Pattoho;189;35
2018-11-20 03:35:26;ManualUser;37;11
2018-11-20 06:35:20;JinlinHolic;139;43
2018-11-20 06:35:26;MariaMarg;82;36
2018-11-20 06:35:33;marielledemuth;90;64
2018-11-20 06:35:40;Pattoho;189;35
2018-11-20 06:35:45;ManualUser;37;11
2018-11-21 03:36:04;JinlinHolic;139;43
2018-11-21 03:36:11;MariaMarg;82;36
2018-11-21 03:36:17;marielledemuth;90;64
2018-11-21 03:36:25;Pattoho;189;35
2018-11-21 03:36:31;ManualUser;37;11
2018-11-21 06:36:10;JinlinHolic;139;43
2018-11-21 06:36:15;MariaMarg;82;36
2018-11-21 06:36:22;marielledemuth;89;63
2018-11-21 06:36:30;Pattoho;189;35
2018-11-21 06:36:36;ManualUser;37;11
2018-11-22 03:36:30;JinlinHolic;139;43
2018-11-22 03:36:36;MariaMarg;82;36
2018-11-22 03:36:43;marielledemuth;99;73
2018-11-22 03:36:51;Pattoho;189;35
2018-11-22 03:36:56;ManualUser;37;11
2018-11-22 06:36:13;JinlinHolic;139;43
2018-11-22 06:36:19;MariaMarg;82;36
2018-11-22 06:36:26;marielledemuth;99;73
2018-11-22 06:36:34;Pattoho;189;35
2018-11-22 06:36:39;ManualUser;37;11
2018-11-23 03:44:14;JinlinHolic;158;60
2018-11-23 03:44:20;MariaMarg;93;45
2018-11-23 03:44:27;marielledemuth;109;83
2018-11-23 03:44:36;Pattoho;288;81
2018-11-23 03:44:41;ManualUser;37;11
2018-11-23 06:44:09;JinlinHolic;158;60
2018-11-23 06:44:15;MariaMarg;93;45
2018-11-23 06:44:23;marielledemuth;109;83
2018-11-23 06:44:32;Pattoho;285;81
2018-11-23 06:44:37;ManualUser;37;11
2018-11-24 03:49:18;JinlinHolic;196;71
2018-11-24 03:49:24;MariaMarg;112;63
2018-11-24 03:49:32;marielledemuth;126;100
2018-11-24 03:49:42;Pattoho;354;81
2018-11-24 03:49:48;ManualUser;37;11
2018-11-24 06:48:35;JinlinHolic;196;71
2018-11-24 06:48:42;MariaMarg;112;63
2018-11-24 06:48:50;marielledemuth;124;98
2018-11-24 06:49:00;Pattoho;355;81
2018-11-24 06:49:06;ManualUser;37;11
2018-11-25 03:51:15;JinlinHolic;219;80
2018-11-25 03:51:22;MariaMarg;133;63
2018-11-25 03:51:31;marielledemuth;146;120
2018-11-25 03:51:41;Pattoho;405;81
2018-11-25 03:51:46;ManualUser;37;11
2018-11-25 06:51:30;JinlinHolic;219;80
2018-11-25 06:51:36;MariaMarg;133;63
2018-11-25 06:51:45;marielledemuth;146;120
2018-11-25 06:51:55;Pattoho;405;81
2018-11-25 06:52:00;ManualUser;37;11
2018-11-26 03:57:16;JinlinHolic;249;96
2018-11-26 03:57:23;MariaMarg;158;73
2018-11-26 03:57:32;marielledemuth;155;129
2018-11-26 03:57:43;Pattoho;469;95
2018-11-26 03:57:49;ManualUser;37;11
2018-11-26 06:55:58;JinlinHolic;249;96
2018-11-26 06:56:06;MariaMarg;158;73
2018-11-26 06:56:14;marielledemuth;155;129
2018-11-26 06:56:25;Pattoho;467;94
2018-11-26 06:56:30;ManualUser;37;11
2018-11-27 03:59:02;JinlinHolic;264;98
2018-11-27 03:59:10;MariaMarg;191;83
2018-11-27 03:59:20;marielledemuth;154;128
2018-11-27 03:59:31;Pattoho;498;105
2018-11-27 03:59:37;ManualUser;37;11
2018-11-27 06:59:03;JinlinHolic;263;97
2018-11-27 06:59:11;MariaMarg;191;83
2018-11-27 06:59:20;marielledemuth;155;129
2018-11-27 06:59:31;Pattoho;495;104
2018-11-27 06:59:36;ManualUser;37;11
2018-11-28 04:00:08;JinlinHolic;274;101
2018-11-28 04:00:19;MariaMarg;261;92
2018-11-28 04:00:29;marielledemuth;154;128
2018-11-28 04:00:42;Pattoho;517;106
2018-11-28 04:00:47;ManualUser;37;11
2018-11-28 07:00:13;JinlinHolic;274;101
2018-11-28 07:00:23;MariaMarg;261;92
2018-11-28 07:00:32;marielledemuth;155;129
2018-11-28 07:00:45;Pattoho;508;105
2018-11-28 07:00:50;ManualUser;37;11
2018-11-29 04:00:34;JinlinHolic;274;101
2018-11-29 04:00:43;MariaMarg;260;92
2018-11-29 04:00:52;marielledemuth;155;129
2018-11-29 04:01:04;Pattoho;517;106
2018-11-29 04:01:10;ManualUser;37;11
2018-11-29 07:00:01;JinlinHolic;274;101
2018-11-29 07:00:14;MariaMarg;261;92
2018-11-29 07:00:24;marielledemuth;154;128
2018-11-29 07:00:36;Pattoho;517;106
2018-11-29 07:00:41;ManualUser;37;11
2018-11-30 04:00:35;JinlinHolic;274;101
2018-11-30 04:00:43;MariaMarg;261;92
2018-11-30 04:00:52;marielledemuth;153;127
2018-11-30 04:01:05;Pattoho;517;106
2018-11-30 04:01:11;ManualUser;37;11
2018-11-30 06:59:42;JinlinHolic;274;101
2018-11-30 06:59:50;MariaMarg;261;92
2018-11-30 06:59:59;marielledemuth;155;129
2018-11-30 07:00:15;Pattoho;517;106
2018-11-30 07:00:20;ManualUser;37;11
2018-12-01 04:00:39;JinlinHolic;274;101
2018-12-01 04:00:47;MariaMarg;261;92
2018-12-01 04:00:56;marielledemuth;154;128
2018-12-01 04:01:10;Pattoho;517;106
2018-12-01 04:01:16;ManualUser;37;11
2018-12-01 06:59:53;JinlinHolic;274;101
2018-12-01 07:00:02;MariaMarg;260;92
2018-12-01 07:00:16;marielledemuth;155;129
2018-12-01 07:00:28;Pattoho;517;106
2018-12-01 07:00:34;ManualUser;37;11
2018-12-02 04:00:17;JinlinHolic;274;101
2018-12-02 04:00:26;MariaMarg;261;92
2018-12-02 04:00:35;marielledemuth;155;129
2018-12-02 04:00:49;Pattoho;517;106
2018-12-02 04:00:54;ManualUser;27;8
2018-12-02 06:59:46;JinlinHolic;274;101
2018-12-02 06:59:54;MariaMarg;261;92
2018-12-02 07:00:04;marielledemuth;155;129
2018-12-02 07:00:20;Pattoho;516;106
2018-12-02 07:00:25;ManualUser;37;11
2018-12-03 04:00:20;JinlinHolic;274;101
2018-12-03 04:00:29;MariaMarg;261;92
2018-12-03 04:00:39;marielledemuth;155;129
2018-12-03 04:00:52;Pattoho;517;106
2018-12-03 04:00:57;ManualUser;37;11
2018-12-03 07:01:03;JinlinHolic;274;101
2018-12-03 07:01:12;MariaMarg;261;92
2018-12-03 07:01:21;marielledemuth;155;129
2018-12-03 07:01:34;Pattoho;516;105
2018-12-03 07:01:39;ManualUser;37;11
2018-12-03 14:08:42;JinlinHolic;274;101
2018-12-03 14:08:51;MariaMarg;261;92
2018-12-03 14:09:07;marielledemuth;155;129
2018-12-03 14:09:20;Pattoho;517;106
2018-12-03 14:09:26;ManualUser;37;11
2018-12-04 04:00:17;JinlinHolic;274;101
2018-12-04 04:00:26;MariaMarg;261;92
2018-12-04 04:00:37;marielledemuth;154;129
2018-12-04 04:00:50;Pattoho;517;106
2018-12-04 04:00:55;ManualUser;37;11
2018-12-04 06:00:33;JinlinHolic;274;101
2018-12-04 06:00:41;MariaMarg;261;92
2018-12-04 06:00:50;marielledemuth;155;129
2018-12-04 06:01:02;Pattoho;517;106
2018-12-04 06:01:08;ManualUser;37;11
2018-12-05 03:59:26;JinlinHolic;274;101
2018-12-05 03:59:34;MariaMarg;261;92
2018-12-05 03:59:43;marielledemuth;154;129
2018-12-05 03:59:54;Pattoho;517;106
2018-12-05 03:59:59;ManualUser;37;11
2018-12-05 06:00:30;JinlinHolic;274;101
2018-12-05 06:00:38;MariaMarg;261;92
2018-12-05 06:00:46;marielledemuth;155;129
2018-12-05 06:00:58;Pattoho;517;106
2018-12-05 06:01:03;ManualUser;37;11
2018-12-06 03:59:29;JinlinHolic;274;101
2018-12-06 03:59:37;MariaMarg;261;92
2018-12-06 03:59:45;marielledemuth;154;128
2018-12-06 03:59:57;Pattoho;517;106
2018-12-06 04:00:04;ManualUser;37;11
2018-12-06 06:00:31;JinlinHolic;274;101
2018-12-06 06:00:39;MariaMarg;261;92
2018-12-06 06:00:48;marielledemuth;155;129
2018-12-06 06:00:59;Pattoho;517;106
2018-12-06 06:01:05;ManualUser;37;11
2018-12-07 03:59:43;JinlinHolic;274;101
2018-12-07 03:59:51;MariaMarg;261;92
2018-12-07 04:00:00;marielledemuth;154;128
2018-12-07 04:00:15;Pattoho;517;106
2018-12-07 04:00:20;ManualUser;37;11
2018-12-07 06:00:32;JinlinHolic;274;101
2018-12-07 06:00:40;MariaMarg;261;92
2018-12-07 06:00:49;marielledemuth;155;129
2018-12-07 06:01:00;Pattoho;517;106
2018-12-07 06:01:07;ManualUser;37;11
2018-12-08 03:58:52;JinlinHolic;274;101
2018-12-08 03:59:00;MariaMarg;261;92
2018-12-08 03:59:10;marielledemuth;154;128
2018-12-08 03:59:22;Pattoho;517;106
2018-12-08 03:59:27;ManualUser;37;11
2018-12-08 06:00:34;JinlinHolic;274;101
2018-12-08 06:00:42;MariaMarg;261;92
2018-12-08 06:00:51;marielledemuth;155;129
2018-12-08 06:01:03;Pattoho;517;106
2018-12-08 06:01:08;ManualUser;37;11
2018-12-09 03:58:30;JinlinHolic;274;101
2018-12-09 03:58:38;MariaMarg;261;92
2018-12-09 03:58:46;marielledemuth;155;129
2018-12-09 03:58:57;Pattoho;517;106
2018-12-09 03:59:03;ManualUser;37;11
2018-12-09 06:00:23;JinlinHolic;274;101
2018-12-09 06:00:31;MariaMarg;261;92
2018-12-09 06:00:40;marielledemuth;155;129
2018-12-09 06:00:52;Pattoho;517;106
2018-12-09 06:00:57;ManualUser;37;11
2018-12-10 04:00:25;JinlinHolic;274;101
2018-12-10 04:00:33;MariaMarg;261;92
2018-12-10 04:00:42;marielledemuth;155;129
2018-12-10 04:00:54;Pattoho;516;106
2018-12-10 04:00:59;ManualUser;37;11
2018-12-10 06:00:33;JinlinHolic;274;101
2018-12-10 06:00:41;MariaMarg;261;92
2018-12-10 06:00:49;marielledemuth;155;129
2018-12-10 06:01:01;Pattoho;517;106
2018-12-10 06:01:08;ManualUser;37;11
2018-12-10 16:33:51;JinlinHolic;274;101
2018-12-10 16:33:59;MariaMarg;261;92
2018-12-10 16:34:08;marielledemuth;155;129
2018-12-10 16:34:20;Pattoho;517;106
2018-12-10 16:34:26;ManualUser;37;11
2018-12-10 16:37:20;JinlinHolic;274;101
2018-12-10 16:37:28;MariaMarg;261;92
2018-12-10 16:37:37;marielledemuth;155;129
2018-12-10 16:37:48;Pattoho;517;106
2018-12-10 16:37:54;ManualUser;37;11
2018-12-10 16:54:03;JinlinHolic;274;101
2018-12-10 16:54:13;MariaMarg;261;92
2018-12-10 16:54:22;marielledemuth;155;129
2018-12-10 16:54:34;Pattoho;517;106
2018-12-10 16:54:40;ManualUser;37;11
2018-12-10 16:56:28;JinlinHolic;274;101
2018-12-10 16:56:36;MariaMarg;261;92
2018-12-10 16:56:45;marielledemuth;155;129
2018-12-10 16:56:58;Pattoho;517;106
2018-12-10 16:57:04;ManualUser;37;11
2018-12-11 03:59:56;JinlinHolic;274;101
2018-12-11 04:00:04;MariaMarg;261;92
2018-12-11 04:00:17;marielledemuth;256;96
2018-12-11 04:00:28;Pattoho;517;106
2018-12-11 04:00:33;ManualUser;37;11
2018-12-11 06:05:19;JinlinHolic;274;101
2018-12-11 06:05:28;MariaMarg;261;92
2018-12-11 06:05:36;marielledemuth;256;96
2018-12-11 06:05:47;Pattoho;517;106
2018-12-11 06:05:52;ManualUser;37;11
2018-12-12 04:01:58;JinlinHolic;298;103
2018-12-12 04:02:07;MariaMarg;252;90
2018-12-12 04:02:15;marielledemuth;265;97
2018-12-12 04:02:24;Pattoho;399;88
2018-12-12 04:02:30;ManualUser;37;11
2018-12-12 06:20:47;JinlinHolic;298;103
2018-12-12 06:20:55;MariaMarg;262;91
2018-12-12 06:21:03;marielledemuth;265;97
2018-12-12 06:21:13;Pattoho;399;88
2018-12-12 06:21:18;ManualUser;37;11
2018-12-12 08:36:12;JinlinHolic;298;103
2018-12-12 08:36:20;MariaMarg;262;91
2018-12-12 08:36:28;marielledemuth;265;97
2018-12-12 08:36:37;Pattoho;399;88
2018-12-12 08:36:42;ManualUser;37;11
2018-12-13 04:03:36;JinlinHolic;331;109
2018-12-13 04:03:44;MariaMarg;247;84
2018-12-13 04:03:52;marielledemuth;262;96
2018-12-13 04:04:01;Pattoho;415;93
2018-12-13 04:04:08;ManualUser;37;11
2018-12-13 06:00:38;JinlinHolic;331;109
2018-12-13 06:00:45;MariaMarg;247;84
2018-12-13 06:00:53;marielledemuth;265;97
2018-12-13 06:01:03;Pattoho;415;93
2018-12-13 06:01:08;ManualUser;37;11
2018-12-14 04:03:52;JinlinHolic;337;112
2018-12-14 04:04:00;MariaMarg;254;84
2018-12-14 04:04:09;marielledemuth;265;97
2018-12-14 04:04:19;Pattoho;415;93
2018-12-14 04:04:24;ManualUser;37;11
2018-12-14 06:00:40;JinlinHolic;337;112
2018-12-14 06:00:48;MariaMarg;254;84
2018-12-14 06:00:56;marielledemuth;265;97
2018-12-14 06:01:06;Pattoho;415;93
2018-12-14 06:01:11;ManualUser;37;11
2018-12-15 04:05:18;JinlinHolic;342;112
2018-12-15 04:05:27;MariaMarg;254;84
2018-12-15 04:05:35;marielledemuth;265;97
2018-12-15 04:05:47;Pattoho;431;98
2018-12-15 04:05:52;ManualUser;37;11
2018-12-15 06:00:26;JinlinHolic;347;112
2018-12-15 06:00:33;MariaMarg;256;84
2018-12-15 06:00:41;marielledemuth;266;97
2018-12-15 06:00:50;Pattoho;506;98
2018-12-15 06:00:56;ManualUser;158;36
2018-12-16 04:04:10;JinlinHolic;347;112
2018-12-16 04:04:18;MariaMarg;256;84
2018-12-16 04:04:26;marielledemuth;266;97
2018-12-16 04:04:35;Pattoho;506;98
2018-12-16 04:04:41;ManualUser;158;36
2018-12-16 06:00:25;JinlinHolic;347;112
2018-12-16 06:00:33;MariaMarg;256;84
2018-12-16 06:00:41;marielledemuth;266;97
2018-12-16 06:00:50;Pattoho;506;98
2018-12-16 06:00:55;ManualUser;158;36
2018-12-17 04:05:44;JinlinHolic;347;112
2018-12-17 04:05:52;MariaMarg;260;84
2018-12-17 04:06:00;marielledemuth;285;115
2018-12-17 04:06:11;Pattoho;518;103
2018-12-17 04:06:17;ManualUser;158;36
2018-12-17 06:00:27;JinlinHolic;347;112
2018-12-17 06:00:35;MariaMarg;260;84
2018-12-17 06:00:43;marielledemuth;285;115
2018-12-17 06:00:52;Pattoho;518;103
2018-12-17 06:00:58;ManualUser;158;36
2018-12-18 04:07:21;JinlinHolic;356;115
2018-12-18 04:07:29;MariaMarg;287;91
2018-12-18 04:07:37;marielledemuth;319;115
2018-12-18 04:07:47;Pattoho;529;108
2018-12-18 04:07:52;ManualUser;158;36
2018-12-18 06:00:32;JinlinHolic;356;115
2018-12-18 06:00:40;MariaMarg;287;91
2018-12-18 06:00:48;marielledemuth;319;115
2018-12-18 06:00:58;Pattoho;529;108
2018-12-18 06:01:04;ManualUser;158;36
2018-12-19 04:08:29;JinlinHolic;356;115
2018-12-19 04:08:38;MariaMarg;311;98
2018-12-19 04:08:46;marielledemuth;326;115
2018-12-19 04:08:55;Pattoho;529;108
2018-12-19 04:09:01;ManualUser;158;36
2018-12-19 06:00:30;JinlinHolic;356;115
2018-12-19 06:00:38;MariaMarg;311;98
2018-12-19 06:00:46;marielledemuth;326;115
2018-12-19 06:00:55;Pattoho;529;108
2018-12-19 06:01:01;ManualUser;158;36
2018-12-20 04:08:43;JinlinHolic;356;115
2018-12-20 04:08:52;MariaMarg;311;98
2018-12-20 04:09:00;marielledemuth;329;116
2018-12-20 04:09:11;Pattoho;529;108
2018-12-20 04:09:17;ManualUser;158;36
2018-12-20 06:00:32;JinlinHolic;356;115
2018-12-20 06:00:40;MariaMarg;311;98
2018-12-20 06:00:49;marielledemuth;329;116
2018-12-20 06:00:58;Pattoho;529;108
2018-12-20 06:01:04;ManualUser;158;36
2018-12-21 04:08:30;JinlinHolic;356;115
2018-12-21 04:08:38;MariaMarg;311;98
2018-12-21 04:08:46;marielledemuth;329;116
2018-12-21 04:08:55;Pattoho;529;108
2018-12-21 04:09:02;ManualUser;158;36
2018-12-21 06:00:30;JinlinHolic;356;115
2018-12-21 06:00:38;MariaMarg;311;98
2018-12-21 06:00:46;marielledemuth;329;116
2018-12-21 06:00:55;Pattoho;529;108
2018-12-21 06:01:01;ManualUser;158;36
2018-12-22 04:07:31;JinlinHolic;356;115
2018-12-22 04:07:39;MariaMarg;311;98
2018-12-22 04:07:47;marielledemuth;326;115
2018-12-22 04:07:57;Pattoho;529;108
2018-12-22 04:08:03;ManualUser;158;36
2018-12-22 06:00:28;JinlinHolic;356;115
2018-12-22 06:00:36;MariaMarg;311;98
2018-12-22 06:00:45;marielledemuth;326;115
2018-12-22 06:00:54;Pattoho;529;108
2018-12-22 06:00:59;ManualUser;158;36
2018-12-23 04:08:00;JinlinHolic;369;124
2018-12-23 04:08:09;MariaMarg;311;98
2018-12-23 04:08:18;marielledemuth;329;116
2018-12-23 04:08:27;Pattoho;529;108
2018-12-23 04:08:33;ManualUser;158;36
2018-12-23 06:00:29;JinlinHolic;369;124
2018-12-23 06:00:37;MariaMarg;311;98
2018-12-23 06:00:45;marielledemuth;329;116
2018-12-23 06:00:55;Pattoho;529;108
2018-12-23 06:01:00;ManualUser;158;36
2018-12-24 04:11:36;JinlinHolic;369;124
2018-12-24 04:11:44;MariaMarg;311;98
2018-12-24 04:11:54;marielledemuth;353;140
2018-12-24 04:12:03;Pattoho;529;108
2018-12-24 04:12:09;ManualUser;158;36
2018-12-24 06:00:29;JinlinHolic;369;124
2018-12-24 06:00:37;MariaMarg;311;98
2018-12-24 06:00:46;marielledemuth;353;140
2018-12-24 06:00:55;Pattoho;529;108
2018-12-24 06:01:01;ManualUser;158;36
2018-12-25 04:11:00;JinlinHolic;369;124
2018-12-25 04:11:10;MariaMarg;311;98
2018-12-25 04:11:19;marielledemuth;353;140
2018-12-25 04:11:29;Pattoho;529;108
2018-12-25 04:11:34;ManualUser;158;36
2018-12-25 06:00:30;JinlinHolic;369;124
2018-12-25 06:00:38;MariaMarg;311;98
2018-12-25 06:00:47;marielledemuth;353;140
2018-12-25 06:00:57;Pattoho;529;108
2018-12-25 06:01:03;ManualUser;158;36
2018-12-26 04:10:41;JinlinHolic;369;124
2018-12-26 04:10:49;MariaMarg;311;98
2018-12-26 04:10:58;marielledemuth;353;140
2018-12-26 04:11:08;Pattoho;529;108
2018-12-26 04:11:13;ManualUser;158;36
2018-12-26 06:00:30;JinlinHolic;369;124
2018-12-26 06:00:38;MariaMarg;311;98
2018-12-26 06:00:47;marielledemuth;353;140
2018-12-26 06:00:57;Pattoho;529;108
2018-12-26 06:01:03;ManualUser;158;36
2018-12-27 04:10:22;JinlinHolic;369;124
2018-12-27 04:10:30;MariaMarg;311;98
2018-12-27 04:10:39;marielledemuth;385;137
2018-12-27 04:10:49;Pattoho;529;108
2018-12-27 04:10:55;ManualUser;158;36
2018-12-27 06:00:33;JinlinHolic;369;124
2018-12-27 06:00:42;MariaMarg;311;98
2018-12-27 06:00:51;marielledemuth;390;138
2018-12-27 06:01:00;Pattoho;529;108
2018-12-27 06:01:07;ManualUser;158;36
2018-12-28 04:12:47;JinlinHolic;369;124
2018-12-28 04:12:55;MariaMarg;311;98
2018-12-28 04:13:05;marielledemuth;389;137
2018-12-28 04:13:14;Pattoho;529;108
2018-12-28 04:13:20;ManualUser;158;36
2018-12-28 06:00:33;JinlinHolic;369;124
2018-12-28 06:00:41;MariaMarg;311;98
2018-12-28 06:00:50;marielledemuth;390;138
2018-12-28 06:00:59;Pattoho;529;108
2018-12-28 06:01:05;ManualUser;158;36
2018-12-29 04:10:40;JinlinHolic;369;124
2018-12-29 04:10:49;MariaMarg;311;98
2018-12-29 04:10:58;marielledemuth;389;137
2018-12-29 04:11:08;Pattoho;529;108
2018-12-29 04:11:14;ManualUser;158;36
2018-12-29 06:00:31;JinlinHolic;369;124
2018-12-29 06:00:39;MariaMarg;311;98
2018-12-29 06:00:49;marielledemuth;390;138
2018-12-29 06:00:58;Pattoho;529;108
2018-12-29 06:01:04;ManualUser;158;36
2018-12-30 04:12:20;JinlinHolic;369;124
2018-12-30 04:12:28;MariaMarg;311;98
2018-12-30 04:12:37;marielledemuth;390;138
2018-12-30 04:12:47;Pattoho;529;108
2018-12-30 04:12:52;ManualUser;158;36
2018-12-30 06:00:23;JinlinHolic;369;124
2018-12-30 06:00:31;MariaMarg;311;98
2018-12-30 06:00:40;marielledemuth;390;138
2018-12-30 06:00:50;Pattoho;529;108
2018-12-30 06:00:56;ManualUser;158;36
2018-12-31 04:12:03;JinlinHolic;377;131
2018-12-31 04:12:12;MariaMarg;311;98
2018-12-31 04:12:21;marielledemuth;390;138
2018-12-31 04:12:31;Pattoho;527;107
2018-12-31 04:12:37;ManualUser;158;36
2018-12-31 06:00:31;JinlinHolic;377;131
2018-12-31 06:00:39;MariaMarg;311;98
2018-12-31 06:00:49;marielledemuth;390;138
2018-12-31 06:00:58;Pattoho;529;108
2018-12-31 06:01:04;ManualUser;158;36
2019-01-01 04:11:14;JinlinHolic;384;130
2019-01-01 04:11:23;MariaMarg;311;98
2019-01-01 04:11:32;marielledemuth;388;137
2019-01-01 04:11:42;Pattoho;529;108
2019-01-01 04:11:47;ManualUser;158;36
2019-01-01 06:00:32;JinlinHolic;384;130
2019-01-01 06:00:40;MariaMarg;311;98
2019-01-01 06:00:50;marielledemuth;390;138
2019-01-01 06:00:59;Pattoho;529;108
2019-01-01 06:01:05;ManualUser;158;36
2019-01-02 04:12:44;JinlinHolic;384;130
2019-01-02 04:12:52;MariaMarg;311;98
2019-01-02 04:13:02;marielledemuth;389;137
2019-01-02 04:13:13;Pattoho;539;118
2019-01-02 04:13:19;ManualUser;158;36
2019-01-02 06:00:32;JinlinHolic;384;130
2019-01-02 06:00:40;MariaMarg;311;98
2019-01-02 06:00:50;marielledemuth;390;138
2019-01-02 06:00:59;Pattoho;539;118
2019-01-02 06:01:05;ManualUser;158;36
2019-01-03 04:14:43;JinlinHolic;396;140
2019-01-03 04:14:52;MariaMarg;331;111
2019-01-03 04:15:03;marielledemuth;408;135
2019-01-03 04:15:15;Pattoho;539;118
2019-01-03 04:15:21;ManualUser;158;36
2019-01-03 06:00:33;JinlinHolic;396;140
2019-01-03 06:00:41;MariaMarg;331;111
2019-01-03 06:00:51;marielledemuth;412;136
2019-01-03 06:01:01;Pattoho;539;118
2019-01-03 06:01:08;ManualUser;158;36
2019-01-04 04:15:02;JinlinHolic;418;139
2019-01-04 04:15:14;MariaMarg;336;111
2019-01-04 04:15:23;marielledemuth;412;136
2019-01-04 04:15:33;Pattoho;539;118
2019-01-04 04:15:38;ManualUser;158;36
2019-01-04 06:00:25;JinlinHolic;418;139
2019-01-04 06:00:34;MariaMarg;336;111
2019-01-04 06:00:43;marielledemuth;412;136
2019-01-04 06:00:53;Pattoho;539;118
2019-01-04 06:00:59;ManualUser;158;36
2019-01-05 04:14:24;JinlinHolic;418;139
2019-01-05 04:14:33;MariaMarg;336;111
2019-01-05 04:14:42;marielledemuth;417;141
2019-01-05 04:14:52;Pattoho;539;118
2019-01-05 04:14:57;ManualUser;158;36
2019-01-05 06:00:31;JinlinHolic;418;139
2019-01-05 06:00:39;MariaMarg;336;111
2019-01-05 06:00:48;marielledemuth;418;142
2019-01-05 06:00:58;Pattoho;539;118
2019-01-05 06:01:04;ManualUser;158;36
2019-01-06 04:15:00;JinlinHolic;418;139
2019-01-06 04:15:10;MariaMarg;336;111
2019-01-06 04:15:20;marielledemuth;431;142
2019-01-06 04:15:29;Pattoho;539;118
2019-01-06 04:15:34;ManualUser;158;36
2019-01-06 06:00:31;JinlinHolic;418;139
2019-01-06 06:00:39;MariaMarg;336;111
2019-01-06 06:00:49;marielledemuth;431;142
2019-01-06 06:00:59;Pattoho;539;118
2019-01-06 06:01:04;ManualUser;158;36
2019-01-07 04:17:15;JinlinHolic;418;139
2019-01-07 04:17:24;MariaMarg;347;122
2019-01-07 04:17:34;marielledemuth;431;142
2019-01-07 04:17:44;Pattoho;539;118
2019-01-07 04:17:49;ManualUser;158;36
2019-01-07 06:00:33;JinlinHolic;418;139
2019-01-07 06:00:42;MariaMarg;347;122
2019-01-07 06:00:52;marielledemuth;431;142
2019-01-07 06:01:01;Pattoho;539;118
2019-01-07 06:01:08;ManualUser;158;36
2019-01-08 04:18:37;JinlinHolic;418;139
2019-01-08 04:18:46;MariaMarg;349;121
2019-01-08 04:18:55;marielledemuth;431;142
2019-01-08 04:19:06;Pattoho;617;133
2019-01-08 04:19:11;ManualUser;158;36
2019-01-08 06:00:31;JinlinHolic;418;139
2019-01-08 06:00:40;MariaMarg;351;122
2019-01-08 06:00:50;marielledemuth;431;142
2019-01-08 06:01:00;Pattoho;617;133
2019-01-08 06:01:07;ManualUser;158;36
2019-01-09 04:17:43;JinlinHolic;418;139
2019-01-09 04:17:52;MariaMarg;357;122
2019-01-09 04:18:03;marielledemuth;431;142
2019-01-09 04:18:14;Pattoho;617;133
2019-01-09 04:18:21;ManualUser;158;36
2019-01-09 06:00:25;JinlinHolic;418;139
2019-01-09 06:00:33;MariaMarg;357;122
2019-01-09 06:00:43;marielledemuth;431;142
2019-01-09 06:00:54;Pattoho;617;133
2019-01-09 06:00:59;ManualUser;158;36
2019-01-10 04:20:04;JinlinHolic;435;155
2019-01-10 04:20:14;MariaMarg;356;122
2019-01-10 04:20:23;marielledemuth;431;142
2019-01-10 04:20:34;Pattoho;615;131
2019-01-10 04:20:39;ManualUser;158;36
2019-01-10 06:00:32;JinlinHolic;435;155
2019-01-10 06:00:41;MariaMarg;357;122
2019-01-10 06:00:50;marielledemuth;431;142
2019-01-10 06:01:01;Pattoho;615;131
2019-01-10 06:01:07;ManualUser;158;36
2019-01-11 04:19:23;JinlinHolic;435;155
2019-01-11 04:19:32;MariaMarg;357;122
2019-01-11 04:19:41;marielledemuth;431;142
2019-01-11 04:19:51;Pattoho;615;131
2019-01-11 04:19:57;ManualUser;158;36
2019-01-11 06:00:29;JinlinHolic;435;155
2019-01-11 06:00:38;MariaMarg;357;122
2019-01-11 06:00:47;marielledemuth;431;142
2019-01-11 06:00:58;Pattoho;615;131
2019-01-11 06:01:04;ManualUser;158;36
2019-01-12 04:19:11;JinlinHolic;435;155
2019-01-12 04:19:20;MariaMarg;355;121
2019-01-12 04:19:29;marielledemuth;431;142
2019-01-12 04:19:40;Pattoho;615;131
2019-01-12 04:19:45;ManualUser;158;36
2019-01-12 06:00:33;JinlinHolic;435;155
2019-01-12 06:00:42;MariaMarg;357;122
2019-01-12 06:00:52;marielledemuth;431;142
2019-01-12 06:01:03;Pattoho;615;131
2019-01-12 06:01:09;ManualUser;158;36
2019-01-13 04:18:40;JinlinHolic;461;154
2019-01-13 04:18:49;MariaMarg;357;122
2019-01-13 04:18:58;marielledemuth;431;142
2019-01-13 04:19:09;Pattoho;601;130
2019-01-13 04:19:15;ManualUser;158;36
2019-01-13 06:00:35;JinlinHolic;461;154
2019-01-13 06:00:44;MariaMarg;357;122
2019-01-13 06:00:54;marielledemuth;431;142
2019-01-13 06:01:04;Pattoho;615;131
2019-01-13 06:01:10;ManualUser;158;36
2019-01-14 04:22:44;JinlinHolic;471;164
2019-01-14 04:22:54;MariaMarg;372;131
2019-01-14 04:23:04;marielledemuth;498;165
2019-01-14 04:23:14;Pattoho;615;131
2019-01-14 04:23:20;ManualUser;158;36
2019-01-14 06:00:36;JinlinHolic;471;164
2019-01-14 06:00:45;MariaMarg;372;131
2019-01-14 06:00:56;marielledemuth;501;166
2019-01-14 06:01:06;Pattoho;615;131
2019-01-14 06:01:12;ManualUser;158;36
2019-01-15 04:24:51;JinlinHolic;471;164
2019-01-15 04:25:00;MariaMarg;373;130
2019-01-15 04:25:13;marielledemuth;503;167
2019-01-15 04:25:24;Pattoho;615;131
2019-01-15 04:25:29;ManualUser;158;36
2019-01-15 06:00:32;JinlinHolic;471;164
2019-01-15 06:00:41;MariaMarg;376;131
2019-01-15 06:00:52;marielledemuth;503;167
2019-01-15 06:01:02;Pattoho;615;131
2019-01-15 06:01:09;ManualUser;158;36
2019-01-16 04:28:04;JinlinHolic;491;165
2019-01-16 04:28:14;MariaMarg;389;140
2019-01-16 04:28:25;marielledemuth;503;167
2019-01-16 04:28:36;Pattoho;685;154
2019-01-16 04:28:42;ManualUser;158;36
2019-01-16 06:00:35;JinlinHolic;491;165
2019-01-16 06:00:45;MariaMarg;394;141
2019-01-16 06:00:55;marielledemuth;503;167
2019-01-16 06:01:07;Pattoho;685;154
2019-01-16 06:01:13;ManualUser;158;36
2019-01-17 04:28:07;JinlinHolic;491;165
2019-01-17 04:28:17;MariaMarg;393;140
2019-01-17 04:28:27;marielledemuth;503;167
2019-01-17 04:28:39;Pattoho;681;153
2019-01-17 04:28:44;ManualUser;158;36
2019-01-17 06:00:41;JinlinHolic;491;165
2019-01-17 06:00:50;MariaMarg;394;141
2019-01-17 06:01:01;marielledemuth;503;167
2019-01-17 06:01:14;Pattoho;685;154
2019-01-17 06:01:19;ManualUser;158;36
2019-01-18 04:26:45;JinlinHolic;491;165
2019-01-18 04:26:55;MariaMarg;392;140
2019-01-18 04:27:06;marielledemuth;503;167
2019-01-18 04:27:17;Pattoho;685;154
2019-01-18 04:27:23;ManualUser;158;36
2019-01-18 06:00:35;JinlinHolic;491;165
2019-01-18 06:00:45;MariaMarg;394;141
2019-01-18 06:00:56;marielledemuth;503;167
2019-01-18 06:01:07;Pattoho;685;154
2019-01-18 06:01:13;ManualUser;158;36
2019-01-19 04:29:09;JinlinHolic;491;165
2019-01-19 04:29:18;MariaMarg;394;141
2019-01-19 04:29:29;marielledemuth;496;166
2019-01-19 04:29:40;Pattoho;685;154
2019-01-19 04:29:46;ManualUser;158;36
2019-01-19 06:00:34;JinlinHolic;491;165
2019-01-19 06:00:43;MariaMarg;394;141
2019-01-19 06:00:54;marielledemuth;503;167
2019-01-19 06:01:06;Pattoho;685;154
2019-01-19 06:01:11;ManualUser;158;36
2019-01-20 04:32:26;JinlinHolic;491;165
2019-01-20 04:32:36;MariaMarg;394;141
2019-01-20 04:32:47;marielledemuth;499;165
2019-01-20 04:32:58;Pattoho;685;154
2019-01-20 04:33:04;ManualUser;158;36
2019-01-20 06:00:41;JinlinHolic;491;165
2019-01-20 06:00:50;MariaMarg;394;141
2019-01-20 06:01:01;marielledemuth;503;167
2019-01-20 06:01:14;Pattoho;685;154
2019-01-20 06:01:20;ManualUser;158;36
2019-01-21 04:34:23;JinlinHolic;491;165
2019-01-21 04:34:33;MariaMarg;394;141
2019-01-21 04:34:43;marielledemuth;502;166
2019-01-21 04:34:55;Pattoho;685;154
2019-01-21 04:35:00;ManualUser;158;36
2019-01-21 06:00:43;JinlinHolic;491;165
2019-01-21 06:00:53;MariaMarg;394;141
2019-01-21 06:01:04;marielledemuth;503;167
2019-01-21 06:01:16;Pattoho;685;154
2019-01-21 06:01:21;ManualUser;158;36
2019-01-22 04:38:21;JinlinHolic;491;165
2019-01-22 04:38:31;MariaMarg;392;139
2019-01-22 04:38:41;marielledemuth;503;167
2019-01-22 04:38:52;Pattoho;685;154
2019-01-22 04:38:58;ManualUser;158;36
2019-01-22 06:00:54;JinlinHolic;491;165
2019-01-22 06:01:04;MariaMarg;394;141
2019-01-22 06:01:15;marielledemuth;503;167
2019-01-22 06:01:26;Pattoho;685;154
2019-01-22 06:01:32;ManualUser;158;36
2019-01-23 04:53:45;JinlinHolic;491;165
2019-01-23 04:53:55;MariaMarg;394;141
2019-01-23 04:54:05;marielledemuth;492;162
2019-01-23 04:54:17;Pattoho;685;154
2019-01-23 04:54:22;ManualUser;158;36
2019-01-23 06:01:08;JinlinHolic;491;165
2019-01-23 06:01:18;MariaMarg;394;141
2019-01-23 06:01:29;marielledemuth;503;167
2019-01-23 06:01:41;Pattoho;685;154
2019-01-23 06:01:46;ManualUser;158;36
2019-01-24 05:42:27;JinlinHolic;491;165
2019-01-24 05:42:37;MariaMarg;394;141
2019-01-24 05:42:47;marielledemuth;503;167
2019-01-24 05:42:59;Pattoho;685;154
2019-01-24 05:43:05;ManualUser;158;36
2019-01-24 06:01:04;JinlinHolic;491;165
2019-01-24 06:01:14;MariaMarg;394;141
2019-01-24 06:01:26;marielledemuth;503;167
2019-01-24 06:01:37;Pattoho;685;154
2019-01-24 06:01:43;ManualUser;158;36
2019-01-25 06:00:29;JinlinHolic;491;165
2019-01-25 06:00:40;MariaMarg;394;141
2019-01-25 06:00:51;marielledemuth;503;167
2019-01-25 06:01:03;Pattoho;685;154
2019-01-25 06:01:10;ManualUser;158;36
2019-01-25 06:11:04;JinlinHolic;491;165
